[ 
 {
    "data": [
      {
        "text": "Nice to meet you",
        "userDefined": false
      }
    ],
    "isTemplate": false,
    "count": 0,
    "updated": 0
  },
 {
    "data": [
      {
        "text": "It's a pleasure to meet you",
        "userDefined": false
      }
    ],
    "isTemplate": false,
    "count": 0,
    "updated": 0
  },
 {
    "data": [
      {
        "text": "I'm so glad to meet you",
        "userDefined": false
      }
    ],
    "isTemplate": false,
    "count": 0,
    "updated": 0
  },
 {
    "data": [
      {
        "text": "It's really nice to meet you",
        "userDefined": false
      }
    ],
    "isTemplate": false,
    "count": 0,
    "updated": 0
  }
 ]