[ 
 {
    "data": [
      {
        "text": "Do you know the meaning of life?",
        "userDefined": false
      }
    ],
    "isTemplate": false,
    "count": 0,
    "updated": 0
  },
 {
    "data": [
      {
        "text": "What is the answer to the universe?",
        "userDefined": false
      }
    ],
    "isTemplate": false,
    "count": 0,
    "updated": 0
  },
 {
    "data": [
      {
        "text": "What's the meaning of life?",
        "userDefined": false
      }
    ],
    "isTemplate": false,
    "count": 0,
    "updated": 0
  }
 ]