[ 
 {
    "data": [
      {
        "text": "What should I do?",
        "userDefined": false
      }
    ],
    "isTemplate": false,
    "count": 0,
    "updated": 0
  },
 {
    "data": [
      {
        "text": "Should I get a new job?",
        "userDefined": false
      }
    ],
    "isTemplate": false,
    "count": 0,
    "updated": 0
  },
 {
    "data": [
      {
        "text": "Do you think I should ask her out?",
        "userDefined": false
      }
    ],
    "isTemplate": false,
    "count": 0,
    "updated": 0
  },
 {
    "data": [
      {
        "text": "Do you think I should ask him out?",
        "userDefined": false
      }
    ],
    "isTemplate": false,
    "count": 0,
    "updated": 0
  },
 {
    "data": [
      {
        "text": "Where should I go on vacation?",
        "userDefined": false
      }
    ],
    "isTemplate": false,
    "count": 0,
    "updated": 0
  },
 {
    "data": [
      {
        "text": "Should I try out for soccer?",
        "userDefined": false
      }
    ],
    "isTemplate": false,
    "count": 0,
    "updated": 0
  }
 ]