[ 
 {
    "data": [
      {
        "text": "Do you know me?",
        "userDefined": false
      }
    ],
    "isTemplate": false,
    "count": 0,
    "updated": 0
  },
 {
    "data": [
      {
        "text": "Do you know my name?",
        "userDefined": false
      }
    ],
    "isTemplate": false,
    "count": 0,
    "updated": 0
  },
 {
    "data": [
      {
        "text": "Do you know who I am?",
        "userDefined": false
      }
    ],
    "isTemplate": false,
    "count": 0,
    "updated": 0
  },
 {
    "data": [
      {
        "text": "What's my name?",
        "userDefined": false
      }
    ],
    "isTemplate": false,
    "count": 0,
    "updated": 0
  },
 {
    "data": [
      {
        "text": "Who am I?",
        "userDefined": false
      }
    ],
    "isTemplate": false,
    "count": 0,
    "updated": 0
  }
 ]